userId,first_name,last_name,gender,job,country,age,car
1,Rosabella,Mazdon,F,Senior Quality Engineer,Slovenia,47,Mazda
2,Gilligan,Doe,F,Financial Advisor,Indonesia,50,Ford
3,Brockie,Ducket,M,Executive Secretary,China,51,Nissan
4,Kristal,Hightown,F,Civil Engineer,Philippines,74,Toyota
5,Garek,Randalston,M,Nuclear Power Engineer,Brazil,8,Infiniti
6,Haskel,Carcass,M,Human Resources Assistant III,Portugal,19,Toyota
7,Dario,Gianotti,M,Budget/Accounting Analyst I,Indonesia,65,Lexus
8,Emmy,Crayker,F,VP Quality Control,Norway,32,Hyundai
9,Berke,Glendenning,M,Tax Accountant,Netherlands,37,Land Rover
10,Renaldo,Mitcheson,M,General Manager,Philippines,18,Holden
11,Maryjane,Goldie,F,Senior Editor,Gabon,3,Hummer
12,Gunar,Clair,M,Web Designer IV,Nigeria,22,Toyota
13,Matthias,Stather,M,Account Coordinator,China,73,Ford
14,Xerxes,Branscombe,M,Media Manager IV,Ukraine,37,Audi
15,Zorah,Inold,F,Account Executive,Sweden,39,Honda
16,Lisbeth,Harcarse,F,Account Executive,Albania,53,Maserati
17,Yolane,Blundon,F,Human Resources Manager,Tunisia,47,Pontiac
18,Craggy,Eger,M,Administrative Assistant III,China,36,Mercury
19,Dominic,Lilliman,M,Pharmacist,Brazil,14,Isuzu
20,Tamar,Madner,F,Director of Sales,Indonesia,10,Pontiac
21,Corey,Lawden,F,Project Manager,Peru,41,Cadillac
22,Samuel,Perulli,M,Information Systems Manager,China,41,Audi
23,Minnaminnie,Kiddey,F,Nurse Practicioner,Colombia,60,Suzuki
24,Ab,Wildey,M,Senior Cost Accountant,China,9,Toyota
25,Gaile,Roll,M,Project Manager,Ukraine,20,Pontiac
26,Harriott,Maplethorp,F,Accountant II,Brazil,36,Nissan
27,Efren,Faust,M,Dental Hygienist,United States,68,Audi
28,Annissa,Bellerby,F,Web Designer III,Argentina,50,Chevrolet
29,Adria,Knuckles,F,Database Administrator II,Philippines,71,Dodge
30,Filip,Broinlich,M,Nurse Practicioner,China,20,Chrysler
31,Dalila,Titmuss,F,Programmer I,Czech Republic,55,Acura
32,Geoffrey,Kendred,M,Developer III,Philippines,9,Chrysler
33,Agna,Guilfoyle,F,Community Outreach Specialist,France,40,Audi
34,Konrad,Owbrick,M,Systems Administrator IV,Madagascar,10,Dodge
35,Gussie,Shannon,F,Project Manager,France,2,Ford
36,Gerome,Moulsdale,M,Automation Specialist III,Portugal,70,Honda
37,Malynda,Stockman,F,Cost Accountant,Japan,59,Toyota
38,Urson,Chessum,M,Software Test Engineer I,Sweden,65,Toyota
39,Karie,Townend,F,Health Coach I,China,17,Suzuki
40,Bekki,Zorzoni,F,Web Developer III,Mexico,42,Ford
41,Ky,Knighton,M,Desktop Support Technician,Russia,54,Chrysler
42,Shanda,Godman,F,Teacher,Sweden,23,Ford
43,Russ,Rehn,M,Chemical Engineer,Morocco,57,BMW
44,Bev,Dunsford,F,Programmer Analyst II,Madagascar,17,Audi
45,Lotti,Ogden,F,Internal Auditor,Syria,46,Geo
46,Sadie,Westfalen,F,Human Resources Manager,Poland,5,Volkswagen
47,Kira,De la Eglise,F,Legal Assistant,Indonesia,12,Toyota
48,Yorgos,Berr,M,Chief Design Engineer,Bulgaria,71,Mercedes-Benz
49,Abrahan,Jellman,M,Automation Specialist I,China,73,Ford
50,Dav,Milward,M,Junior Executive,Kenya,14,Mitsubishi
51,Selby,Caplen,M,Dental Hygienist,Japan,21,Cadillac
52,Flora,Grigoryov,F,Actuary,Ukraine,26,Volkswagen
53,Averyl,Assiratti,F,Senior Editor,China,32,Chevrolet
54,Gabbi,Tirrell,F,Occupational Therapist,Ivory Coast,26,BMW
55,Rina,Reckless,F,General Manager,Philippines,59,Suzuki
56,Stella,Battershall,F,Business Systems Development Analyst,Ukraine,5,BMW
57,Dorita,Gilleson,F,Research Associate,China,26,Honda
58,Maximilianus,Hourston,M,Accounting Assistant III,Ecuador,57,GMC
59,Gates,Clemintoni,F,Help Desk Technician,Indonesia,33,Nissan
60,Tome,Wodham,M,Financial Advisor,Kazakhstan,41,Jaguar
61,Harwilll,Lanmeid,M,Information Systems Manager,Croatia,14,Chrysler
62,Catherin,Patrickson,F,VP Marketing,Russia,52,Lexus
63,Felicia,Blackman,F,Mechanical Systems Engineer,China,6,Lexus
64,Brittany,Gundry,F,Accounting Assistant III,Georgia,6,Volvo
65,Iorgos,Kieff,M,Editor,Brazil,30,Hyundai
66,Sheelagh,Usmar,F,Librarian,Finland,1,Ford
67,Carmita,Davinet,F,Nurse Practicioner,United States,37,Maserati
68,Harri,Santon,F,Accountant IV,Russia,72,Mercedes-Benz
69,Donia,Rolinson,F,Statistician III,Belarus,23,Subaru
70,Latashia,Chumley,F,Help Desk Operator,Russia,41,Ford
71,Carlene,Gaishson,F,Operator,Mongolia,58,Dodge
72,Bord,Trevenu,M,Senior Developer,Azerbaijan,6,Mitsubishi
73,Willi,Millsap,M,Compensation Analyst,China,40,Chevrolet
74,Zacharias,Possek,M,Financial Advisor,Finland,20,Nissan
75,Beitris,Hendrickson,F,Executive Secretary,China,34,Chevrolet
76,Bernardine,Aylesbury,F,Accounting Assistant III,France,32,BMW
77,Rene,Maplethorp,M,VP Accounting,China,8,Chrysler
78,Carla,McGhie,F,Human Resources Manager,China,45,Toyota
79,Tuckie,Colyer,M,Nurse,Thailand,9,Hyundai
80,Karia,Davidy,F,Software Test Engineer I,Peru,7,Toyota
81,Beltran,Hails,M,Internal Auditor,Canada,44,Mercedes-Benz
82,Emiline,Blamphin,F,Geological Engineer,Indonesia,51,Dodge
83,Anjela,Wolsey,F,Research Associate,Indonesia,58,Dodge
84,Ivar,Sylvaine,M,Compensation Analyst,Indonesia,30,Subaru
85,Richmound,Eastam,M,Web Developer IV,Macedonia,53,Pontiac
86,Roderigo,Lunge,M,Analyst Programmer,China,32,Chevrolet
87,Torr,Crinkley,M,Senior Financial Analyst,Ukraine,32,GMC
88,Gaspar,Garbutt,M,Professor,Czech Republic,34,Toyota
89,Fedora,Gremane,F,Health Coach III,Indonesia,59,BMW
90,Ferne,Bennit,F,Budget/Accounting Analyst IV,Poland,21,Bentley
91,Neila,Donalson,F,Marketing Manager,Norway,40,Chrysler
92,Mike,Ellerbeck,M,Electrical Engineer,Poland,35,Dodge
93,Cherish,Riach,F,Health Coach IV,China,11,Mercury
94,Hagen,Seywood,M,VP Accounting,China,35,BMW
95,Ichabod,Budgen,M,Staff Scientist,Morocco,37,GMC
96,Iggie,Merrill,M,Physical Therapy Assistant,France,12,Pontiac
97,Baxie,Ochterlony,M,Director of Sales,Peru,50,Mitsubishi
98,Anetta,Windows,F,Marketing Manager,China,27,Pontiac
99,Upton,Goulbourne,M,Office Assistant IV,Albania,9,Isuzu
100,Georg,Lamp,M,Information Systems Manager,Azerbaijan,44,Ford
101,Cobbie,Spirit,M,Help Desk Operator,China,38,Mitsubishi
102,Eugen,Mackieson,M,Assistant Manager,Sweden,1,Kia
103,Gertrude,Priestman,F,Safety Technician III,Sweden,9,Land Rover
104,Myra,Mowlam,F,Human Resources Assistant IV,Greece,52,Smart
105,Em,Shelf,F,Associate Professor,Ukraine,35,Lexus
106,Timothy,Garrett,M,Analyst Programmer,Japan,32,Pontiac
107,Georgie,Stanyon,M,Civil Engineer,Poland,70,GMC
108,Leisha,Peaseman,F,Programmer Analyst III,Poland,41,Dodge
109,Lemmie,Cory,M,Librarian,China,10,Volkswagen
110,Gamaliel,Huckerbe,M,Statistician II,China,25,Mercedes-Benz
111,Tildi,Brounfield,F,Database Administrator II,Venezuela,55,Pontiac
112,Barnabas,Calleja,M,Web Developer IV,Hungary,47,Ford
113,Claudia,Manwaring,F,Environmental Specialist,Belarus,61,Eagle
114,Che,Newsham,M,Account Coordinator,Indonesia,75,Volvo
115,Lon,Seak,M,Systems Administrator III,France,6,Mitsubishi
116,Orbadiah,Kohrt,M,Tax Accountant,China,60,Plymouth
117,Isacco,Nielson,M,Operator,Malaysia,43,Jaguar
118,Demetria,Sayer,F,Clinical Specialist,Sweden,44,Dodge
119,Cleve,Cupper,M,Chief Design Engineer,Philippines,36,Volkswagen
120,Pepe,Rechert,M,Cost Accountant,Israel,42,Toyota
121,Merrill,Domoni,M,Clinical Specialist,Slovenia,42,Chevrolet
122,Martynne,Quogan,F,Software Consultant,Russia,64,Ford
123,Astra,Akrigg,F,Staff Accountant I,Russia,29,Lotus
124,Stefano,Matches,M,Engineer I,China,43,BMW
125,Kati,Sheriff,F,General Manager,Ukraine,73,Volkswagen
126,Ricky,McFayden,F,Web Developer I,China,62,Bentley
127,Josee,Cullotey,F,Automation Specialist IV,Indonesia,68,Land Rover
128,Yehudi,Derington,M,Operator,United States,68,Chevrolet
129,Charmane,Battersby,F,Software Engineer I,Sweden,20,Lincoln
130,Terry,McRuvie,M,Developer III,China,55,Maserati
131,Lexi,Marcam,F,Software Engineer III,Indonesia,31,BMW
132,Walden,Tacey,M,Assistant Media Planner,China,18,Chrysler
133,Kile,Kleyn,M,Information Systems Manager,Canada,33,Mitsubishi
134,Ola,Paeckmeyer,F,Account Executive,China,31,Toyota
135,Edie,Vanyashin,F,Teacher,Tanzania,41,Ford
136,Layla,Pearmine,F,GIS Technical Architect,Greece,59,Chevrolet
137,Aloin,Tatem,M,Operator,Thailand,46,Toyota
138,Lonee,Brazener,F,Administrative Assistant IV,Czech Republic,75,Volkswagen
139,Aindrea,Hauxley,F,Computer Systems Analyst I,Brazil,56,Honda
140,Itch,Winser,M,Research Nurse,Russia,54,Mitsubishi
141,Doe,Trubshawe,F,Programmer IV,China,64,Isuzu
142,Gaelan,Grindley,M,Financial Analyst,Thailand,28,Ford
143,Kristo,Verlinde,M,Biostatistician III,China,44,Dodge
144,Euell,Minillo,M,Tax Accountant,Japan,33,Buick
145,Philippa,Bissiker,F,Teacher,Greece,41,Ford
146,Rana,Grinaway,F,Design Engineer,North Korea,36,Aptera
147,Sigfrid,Counihan,M,Clinical Specialist,Sweden,62,Volkswagen
148,Floria,Gilding,F,Product Engineer,Philippines,24,Isuzu
149,Libbie,Haggett,F,Software Test Engineer I,Indonesia,37,Chevrolet
150,Caroline,De Robertis,F,Staff Scientist,Sweden,54,Mercedes-Benz
151,Shoshanna,Moreno,F,Help Desk Operator,Bulgaria,18,Mazda
152,Ramsay,Mallan,M,Administrative Assistant III,China,54,Subaru
153,Angelo,Garaghan,M,Electrical Engineer,China,15,Honda
154,Aurora,Leggatt,F,Business Systems Development Analyst,Indonesia,68,Eagle
155,Evered,Illingworth,M,Quality Engineer,Egypt,29,Buick
156,Izabel,Sorro,F,Graphic Designer,Russia,29,Ford
157,Jeanie,Kingsmill,F,Teacher,Thailand,60,GMC
158,Kelsi,MacElroy,F,Programmer Analyst I,Indonesia,71,Mercedes-Benz
159,Caye,Placide,F,Recruiting Manager,Brazil,47,Suzuki
160,Kellia,Thorne,F,Social Worker,Philippines,30,Cadillac
161,Dorette,Zylbermann,F,Junior Executive,Philippines,3,Chevrolet
162,Biddie,Norsister,F,Assistant Media Planner,Philippines,21,Mercedes-Benz
163,Madelene,Thirwell,F,VP Sales,Finland,26,Acura
164,Nelia,Stilwell,F,Accounting Assistant II,China,32,Mercury
165,Eziechiele,Richard,M,Professor,China,67,Ford
166,Robb,Halloran,M,Clinical Specialist,Bulgaria,1,GMC
167,Dud,McVicker,M,Developer I,Philippines,71,Hyundai
168,Donaugh,Vanstone,M,Community Outreach Specialist,China,35,Mercury
169,Reeva,Budgey,F,Design Engineer,Japan,44,Nissan
170,Francklin,Pencost,M,Analog Circuit Design manager,China,38,GMC
171,Cordi,Wolverson,F,Senior Cost Accountant,China,19,Buick
172,Danika,Loomes,F,Clinical Specialist,Indonesia,1,Pontiac
173,Kathryn,Scala,F,Technical Writer,Paraguay,49,Chevrolet
174,Inigo,Bulled,M,Chief Design Engineer,Greece,10,Suzuki
175,Whitman,McKim,M,Analog Circuit Design manager,France,14,Chevrolet
176,Shalna,Giurio,F,Senior Financial Analyst,Indonesia,49,Audi
177,Karlotte,Oleksiak,F,Help Desk Operator,Portugal,4,Scion
178,El,Cady,M,Chemical Engineer,China,10,Land Rover
179,Myrilla,Swalwel,F,Administrative Assistant II,Japan,67,Chrysler
180,Sharai,Handrock,F,Environmental Tech,Greece,24,Toyota
181,Maritsa,Bradwell,F,Director of Sales,Indonesia,71,Saab
182,Redford,Castanho,M,Computer Systems Analyst III,Finland,67,GMC
183,Hugues,Kendal,M,Marketing Manager,Philippines,59,Ford
184,Nonah,Izhakov,F,Software Consultant,China,45,Mazda
185,Cassandry,Cockshoot,F,Staff Scientist,Ukraine,41,Audi
186,Mavis,Sirette,F,Cost Accountant,Philippines,74,BMW
187,Alta,Worgan,F,VP Accounting,Indonesia,55,Kia
188,Che,McCarrison,M,Technical Writer,Indonesia,70,Buick
189,Niccolo,Franzonetti,M,Web Developer III,Indonesia,3,BMW
190,Vince,Lemonnier,M,Human Resources Assistant I,China,63,Dodge
191,Mohandas,Moss,M,VP Sales,Poland,4,Volkswagen
192,Valentino,Whitbread,M,Human Resources Manager,Dominican Republic,52,Kia
193,Philly,Phillins,F,Editor,Philippines,51,Ford
194,Charlotte,Diano,F,Structural Analysis Engineer,Brazil,10,Volkswagen
195,Adriana,Chesterfield,F,Research Assistant III,Indonesia,25,Mitsubishi
196,Danice,Tobias,F,Research Associate,Russia,26,Porsche
197,Olivia,Narramore,F,Software Engineer III,Haiti,71,Mercury
198,Erhart,Swansbury,M,Sales Representative,Ireland,41,GMC
199,Josephina,Seth,F,Recruiting Manager,Thailand,12,Mercedes-Benz
200,Jamal,Hackford,M,Associate Professor,Russia,58,Kia
201,Rhetta,Huffer,F,Nuclear Power Engineer,Morocco,36,Mitsubishi
202,Babbie,Haensel,F,Developer III,Nigeria,11,Ford
203,Nari,Cowsby,F,Office Assistant I,Thailand,52,Toyota
204,Alaric,Dornin,M,Engineer IV,Russia,38,Chevrolet
205,Vittoria,Andrin,F,Legal Assistant,China,7,Mercedes-Benz
206,Keen,Dongall,M,Senior Financial Analyst,Sudan,34,Mercedes-Benz
207,Esmaria,Raxworthy,F,Computer Systems Analyst IV,Colombia,27,Toyota
208,Orrin,Speight,M,Payment Adjustment Coordinator,Philippines,9,GMC
209,Emiline,Byrde,F,Quality Engineer,Indonesia,30,Dodge
210,Chery,Rickwood,F,Librarian,China,26,Hyundai
211,Cherilynn,Pena,F,Senior Cost Accountant,Gambia,1,GMC
212,Corey,Spire,F,Professor,Sweden,1,Hyundai
213,Carlee,Morrowe,F,Staff Accountant IV,Canada,27,Chevrolet
214,Roseanna,Northcote,F,Senior Developer,China,35,Maybach
215,Sophronia,Twinberrow,F,Executive Secretary,Mali,63,Chevrolet
216,Mirna,Tutsell,F,Data Coordiator,Philippines,45,Subaru
217,Adam,McLernon,M,Programmer IV,Indonesia,6,Mercedes-Benz
218,Oralia,Lies,F,Software Test Engineer I,Portugal,63,BMW
219,Nerty,Rathborne,F,Software Consultant,Brazil,49,Mitsubishi
220,Montgomery,Bote,M,Systems Administrator III,Sweden,60,Ford
221,Tonya,Jennison,F,Accountant II,United States,55,Mazda
222,Kaitlynn,Coade,F,Staff Accountant I,United States,20,Saturn
223,Dirk,Ghilks,M,Senior Quality Engineer,Russia,60,Scion
224,Israel,Messager,M,Product Engineer,Indonesia,53,Lexus
225,Oralla,Tocqueville,F,Tax Accountant,United Kingdom,34,Land Rover
226,Crosby,Corrison,M,Web Designer II,New Caledonia,6,Pontiac
227,Osborne,Sherington,M,Civil Engineer,Indonesia,49,Chevrolet
228,Sylvester,Daborn,M,Editor,Canada,40,Lamborghini
229,Hersh,Proudlock,M,VP Marketing,Portugal,30,Toyota
230,Ruy,Elam,M,Structural Engineer,Russia,2,Toyota
231,Jared,Pumfrey,M,VP Product Management,Colombia,1,Toyota
232,Elwood,Bruckmann,M,Account Executive,Vietnam,3,Chevrolet
233,Timoteo,Feldmann,M,Senior Developer,Philippines,74,Dodge
234,Guido,Olyfat,M,Sales Representative,United States,27,Audi
235,Isiahi,Landy,M,Systems Administrator III,Thailand,16,Dodge
236,Ashla,Castangia,F,Research Assistant III,Serbia,72,Jaguar
237,Victoria,Hacquoil,F,Research Nurse,Australia,32,Kia
238,Ruthy,Fishpool,F,Assistant Media Planner,Russia,62,Isuzu
239,Othello,Lorriman,M,Pharmacist,Czech Republic,75,Lexus
240,Jock,Skitt,M,Programmer Analyst I,Lesotho,26,Honda
241,Henderson,Tanswill,M,VP Product Management,China,38,Volkswagen
242,Lexie,Dammarell,F,Safety Technician I,Japan,21,Lexus
243,Joseph,Eakins,M,Marketing Assistant,Russia,73,Ford
244,Casper,Egan,M,Environmental Specialist,Japan,47,Mitsubishi
245,Paten,Guerrieri,M,Information Systems Manager,Russia,48,Mercury
246,Juliann,Phil,F,Office Assistant III,Russia,50,Acura
247,Gabi,Kempster,M,Senior Cost Accountant,Portugal,67,Mazda
248,Electra,Blamire,F,Chemical Engineer,China,4,Chevrolet
249,Aprilette,Craigg,F,Payment Adjustment Coordinator,Poland,27,Isuzu
250,Teodor,Sainsbury-Brown,M,Geological Engineer,Indonesia,29,BMW
251,Janene,Featherby,F,Structural Analysis Engineer,Poland,38,Toyota
252,Vittorio,Harken,M,Project Manager,Latvia,41,Oldsmobile
253,Terri,Hyam,F,Chemical Engineer,China,67,Cadillac
254,Farleigh,McIlwrick,M,Research Assistant I,Greece,64,GMC
255,Dwayne,Croome,M,Marketing Manager,Costa Rica,11,Hyundai
256,Edee,McGoon,F,Programmer Analyst IV,Russia,16,Toyota
257,Domingo,Rispen,M,Legal Assistant,Serbia,58,Pontiac
258,Gui,Jorio,F,Physical Therapy Assistant,United States,45,Ford
259,Ursula,Lilliman,F,Dental Hygienist,Canada,36,Ford
260,Flemming,Oakeshott,M,Senior Cost Accountant,Greece,10,Mazda
261,Cyrille,Rowan,M,Research Nurse,Indonesia,66,Suzuki
262,Christa,Elliston,F,Compensation Analyst,France,68,Ford
263,Chev,Sivorn,M,Software Test Engineer II,Indonesia,39,Subaru
264,Danie,Judron,M,Systems Administrator II,France,34,Ford
265,Mel,Gino,F,Professor,Philippines,10,Honda
266,Rhys,Tebbett,M,Assistant Professor,Portugal,54,Dodge
267,Morgana,Schukert,F,Media Manager II,Indonesia,40,Ford
268,Darya,Canaan,F,Desktop Support Technician,Brazil,55,Audi
269,Ian,Crosdill,M,Civil Engineer,China,42,Ford
270,Berkeley,Thorrington,M,VP Quality Control,Indonesia,1,Volvo
271,Felicdad,Sawfoot,F,Product Engineer,China,10,Chevrolet
272,Eduard,Orable,M,Engineer III,Mexico,71,Saturn
273,Derrek,Coat,M,Clinical Specialist,Portugal,37,Mercedes-Benz
274,Haydon,Newark,M,Administrative Assistant IV,Nigeria,26,Volkswagen
275,Elsbeth,Baynes,F,Nuclear Power Engineer,Argentina,2,Porsche
276,Ted,Barks,F,Registered Nurse,Kosovo,38,Nissan
277,Emmy,Cerman,M,Civil Engineer,Uruguay,26,Hyundai
278,Efren,Roome,M,Associate Professor,Sierra Leone,40,Toyota
279,My,Reubel,M,Computer Systems Analyst II,Poland,13,Honda
280,Reamonn,Wheadon,M,Sales Associate,China,64,Pontiac
281,Corrie,Buckberry,M,Biostatistician IV,China,17,Audi
282,Matilda,Frankcomb,F,Senior Developer,Portugal,13,Nissan
283,Curcio,Dessaur,M,Web Developer IV,Poland,64,Chevrolet
284,Ronnie,Mowling,F,Human Resources Assistant IV,China,57,Nissan
285,Elsa,Lamshead,F,Electrical Engineer,China,65,Honda
286,Keen,Paull,M,Web Designer III,Indonesia,20,Toyota
287,Bernie,Deeves,F,Structural Analysis Engineer,United States,51,Porsche
288,Jsandye,Spofford,F,Legal Assistant,Indonesia,28,Fiat
289,Jerrilyn,Aymes,F,VP Accounting,China,64,Lexus
290,Irina,Aime,F,Chief Design Engineer,Indonesia,62,Jaguar
291,Lizzy,Vogt,F,Actuary,Russia,59,Mitsubishi
292,Annnora,Welsby,F,Assistant Media Planner,China,1,Honda
293,Karalee,Janovsky,F,Research Associate,China,9,BMW
294,Russ,Noblet,M,Information Systems Manager,Japan,22,Toyota
295,Oswald,Playden,M,Business Systems Development Analyst,Czech Republic,49,Chevrolet
296,Aloysia,Liddiard,F,Chemical Engineer,Brazil,46,Lexus
297,Yehudi,Newe,M,Speech Pathologist,Dominican Republic,25,Mercedes-Benz
298,Ara,Lawday,M,Account Executive,China,3,Chevrolet
299,Mord,Sweetnam,M,Media Manager III,Indonesia,40,Scion
300,Gene,Silverthorne,F,Account Executive,Czech Republic,4,Chevrolet
301,Jacquelyn,Gantlett,F,Pharmacist,Indonesia,44,Ford
302,Lina,Dockray,F,Geological Engineer,Indonesia,20,Volkswagen
303,Chrisse,Jullian,M,Senior Editor,Philippines,28,Dodge
304,Cosmo,Haking,M,Civil Engineer,China,28,Porsche
305,Konstantin,Couvet,M,Web Developer II,Brazil,21,Pontiac
306,Garrek,Berns,M,Junior Executive,Micronesia,13,Honda
307,Alvinia,Alfuso,F,Speech Pathologist,Japan,71,Volkswagen
308,Rochette,Colbourne,F,VP Accounting,Mexico,69,Lexus
309,Fraze,Monier,M,Geologist III,China,52,Volvo
310,Winonah,Bridewell,F,Programmer Analyst IV,Mexico,48,Mercury
311,Ronna,Canada,F,Desktop Support Technician,Indonesia,25,Honda
312,Bonnie,Benka,F,Engineer II,China,22,Cadillac
313,Ambros,Dunnico,M,Analyst Programmer,Indonesia,13,Toyota
314,Shay,Kach,M,Senior Financial Analyst,China,32,Cadillac
315,Dudley,Shimoni,M,Programmer I,Philippines,58,Nissan
316,Matty,Stuckes,M,Compensation Analyst,Panama,10,Ford
317,Fredia,Beckmann,F,Account Executive,Canada,42,Volkswagen
318,Spenser,Ramey,M,Senior Quality Engineer,Canada,23,Audi
319,Oberon,McConway,M,Project Manager,South Sudan,60,Chevrolet
320,Brant,McGavin,M,Food Chemist,China,6,Mercedes-Benz
321,Katrina,Himsworth,F,Software Consultant,United States,50,Ford
322,Emeline,Glenton,F,Accounting Assistant II,Canada,27,Lincoln
323,Humfried,Batalini,M,VP Accounting,Colombia,57,Chevrolet
324,Lynea,Gosnold,F,Recruiting Manager,Brazil,17,Pontiac
325,Carmita,Couve,F,Senior Quality Engineer,Peru,10,Infiniti
326,Elisa,Marquet,F,Pharmacist,Indonesia,68,Buick
327,Ralph,Nouch,M,Food Chemist,Poland,30,BMW
328,Benson,Mussington,M,Pharmacist,Iraq,73,Chevrolet
329,Barton,Babinski,M,Analyst Programmer,Russia,73,Suzuki
330,Hill,Challender,M,Financial Advisor,South Korea,21,Saturn
331,Shaughn,Habbin,M,Data Coordiator,Tanzania,51,Mercedes-Benz
332,Brendis,Stollery,M,Account Representative II,Poland,7,GMC
333,Arlina,Johns,F,VP Accounting,Russia,50,Mitsubishi
334,Arnold,Berston,M,Design Engineer,Portugal,32,Chevrolet
335,Brose,Dalling,M,Sales Representative,Finland,32,Hyundai
336,Celestine,Brunetti,F,Account Representative II,Honduras,21,Mitsubishi
337,Dacey,Fealy,F,Systems Administrator IV,Sweden,16,Hyundai
338,Julina,Waltho,F,Senior Quality Engineer,Angola,32,Oldsmobile
339,Carey,O'Hartnett,F,Human Resources Manager,Indonesia,8,Suzuki
340,Quint,Dodshun,M,Statistician I,Thailand,23,Ford
341,Joy,Redish,F,Associate Professor,Philippines,42,Mercedes-Benz
342,Yoshi,Longstaffe,F,Statistician IV,Bolivia,50,Chevrolet
343,Inglebert,Longrigg,M,Quality Control Specialist,China,54,Toyota
344,Lilllie,Normand,F,Systems Administrator I,China,55,Ford
345,Sky,Greener,M,Marketing Assistant,Vietnam,46,Eagle
346,Caresa,Gummer,F,Financial Analyst,Sweden,23,Infiniti
347,Jodie,McGraw,M,Actuary,China,56,Toyota
348,Devlen,Hutchins,M,Recruiting Manager,Albania,67,Mercedes-Benz
349,Baxy,Drysdale,M,Software Test Engineer IV,Peru,18,Volkswagen
350,Vin,Clampin,F,Research Nurse,Brazil,20,Chevrolet
351,Taite,Large,M,Staff Scientist,Guatemala,24,Kia
352,Linn,Corkel,F,Human Resources Assistant I,Russia,47,Plymouth
353,Woodrow,Nolot,M,Cost Accountant,Thailand,32,Scion
354,Breanne,Lieb,F,Sales Associate,Czech Republic,12,Chevrolet
355,Jasen,Geoghegan,M,Software Engineer II,Norway,22,BMW
356,Sharity,Caswall,F,Structural Engineer,Russia,35,Pontiac
357,Fielding,Widdecombe,M,Recruiting Manager,Russia,60,Lamborghini
358,Tamra,Sheddan,F,Accounting Assistant IV,United States,11,Lexus
359,Buffy,Pozzi,F,Community Outreach Specialist,Greece,50,Eagle
360,Melania,Jori,F,Software Test Engineer III,China,40,Mitsubishi
361,Reagan,Peasnone,M,Teacher,Slovenia,14,Mazda
362,Katey,Baudinet,F,Information Systems Manager,Ukraine,30,Chevrolet
363,Carlene,Webermann,F,Programmer Analyst III,China,62,GMC
364,Alden,Humfrey,M,Systems Administrator IV,Yemen,39,Ford
365,Jonathan,Blabey,M,Research Associate,Russia,53,Pontiac
366,Giraldo,Mickleborough,M,Environmental Tech,Argentina,12,Hyundai
367,Larry,Gorges,M,Senior Developer,Philippines,18,Dodge
368,Bryon,Goodsell,M,Sales Representative,China,47,Chevrolet
369,Rebecca,Dunmore,F,Mechanical Systems Engineer,Israel,31,Ferrari
370,Carol-jean,Curado,F,Food Chemist,Ecuador,40,Honda
371,Delmore,Fulton,M,Office Assistant II,Indonesia,10,BMW
372,Herbie,Manneville,M,VP Marketing,Russia,60,Dodge
373,Daryl,Baford,F,Biostatistician I,Panama,44,Porsche
374,Ginevra,Dowrey,F,Pharmacist,Indonesia,17,Lotus
375,Jocelyne,Alessandrelli,F,Paralegal,Albania,50,Chevrolet
376,Benoite,Denington,F,Analyst Programmer,China,36,Mercedes-Benz
377,Guillemette,Labone,F,Electrical Engineer,Indonesia,50,Chrysler
378,Maxy,Arnli,F,Senior Financial Analyst,Canada,8,Ford
379,Ricoriki,Hooban,M,Senior Cost Accountant,Philippines,19,Mercedes-Benz
380,Anya,Dun,F,Web Designer IV,Brazil,36,Acura
381,Alanson,Beyer,M,Help Desk Technician,China,36,Mitsubishi
382,Feodora,Dowman,F,Senior Cost Accountant,Portugal,64,Infiniti
383,Winonah,Bothram,F,Actuary,Canada,15,Volkswagen
384,Blane,Pearsall,M,Clinical Specialist,Brazil,62,Mercedes-Benz
385,Rosaline,Scowcroft,F,Sales Associate,Indonesia,12,Jeep
386,Stacee,Willcox,F,General Manager,Myanmar,42,GMC
387,Otto,Pratty,M,Compensation Analyst,China,54,Isuzu
388,Bowie,Boulstridge,M,Internal Auditor,Sweden,1,Honda
389,Leo,Skirven,M,Physical Therapy Assistant,Greece,57,Dodge
390,Andras,Boich,M,Assistant Manager,Portugal,47,Isuzu
391,Jyoti,Ungaretti,F,Systems Administrator I,Russia,6,Ford
392,Dwayne,La Torre,M,Account Representative II,Greece,24,Jaguar
393,Cordie,Stamps,F,VP Marketing,Indonesia,31,Ford
394,Axe,Deverill,M,Administrative Assistant IV,Brazil,66,GMC
395,Buffy,Worgen,F,Biostatistician II,China,27,GMC
396,Rubina,Sineath,F,Help Desk Technician,China,7,BMW
397,Arnie,Jaycock,M,Occupational Therapist,Indonesia,52,BMW
398,Devlen,Noyes,M,Desktop Support Technician,China,70,Rolls-Royce
399,Cally,Harmston,F,Financial Analyst,Kazakhstan,69,Honda
400,Gradeigh,Guitte,M,Web Designer III,Peru,68,Nissan
401,Basile,Waterman,M,Environmental Specialist,China,26,Subaru
402,Krissie,Crenage,F,Office Assistant I,Indonesia,29,Kia
403,Pammy,Lygoe,F,Environmental Tech,China,30,Subaru
404,Alice,Reek,F,Mechanical Systems Engineer,Syria,48,Volvo
405,Bentley,Zemler,M,Sales Associate,China,49,GMC
406,Isadora,Burburough,F,Programmer Analyst II,Argentina,54,Ford
407,Roley,Staggs,M,Food Chemist,Russia,65,Buick
408,Lionel,Tripp,M,Marketing Assistant,Liechtenstein,37,GMC
409,David,Chugg,M,Operator,Belarus,64,Geo
410,Octavia,Abbati,F,Nuclear Power Engineer,France,38,GMC
411,Malanie,Lomasna,F,Systems Administrator I,Philippines,41,Mercedes-Benz
412,Valry,Van De Cappelle,F,Assistant Professor,Malaysia,27,Pontiac
413,Lila,Tyght,F,Recruiting Manager,Mexico,32,Saturn
414,Reynold,Barnfield,M,VP Marketing,China,68,Pontiac
415,Jamima,Huntington,F,Web Developer I,Czech Republic,42,Porsche
416,Dorrie,Wase,F,Marketing Assistant,Japan,65,Audi
417,Coraline,Ponte,F,Junior Executive,Indonesia,52,Infiniti
418,Tonye,Durrance,F,General Manager,Indonesia,34,Jeep
419,Marnie,Jasper,F,Programmer Analyst IV,China,17,Saab
420,Wanids,McCorkindale,F,Geologist IV,Saudi Arabia,43,BMW
421,Michelina,Healks,F,Occupational Therapist,Morocco,74,Jeep
422,Kingston,Yurevich,M,Account Representative III,Russia,54,Saab
423,Broderick,Percival,M,Developer III,Norway,49,GMC
424,Warde,Simmell,M,Geological Engineer,Sweden,66,Buick
425,Anita,Birdwistle,F,Senior Sales Associate,Indonesia,33,Isuzu
426,Aila,Folan,F,Chief Design Engineer,Argentina,54,Mercedes-Benz
427,Tymon,Steet,M,Desktop Support Technician,China,18,Mercury
428,Ivy,Varian,F,Senior Sales Associate,Zambia,42,Buick
429,Gnni,Dulake,F,Editor,Indonesia,46,Chrysler
430,Huberto,Carbin,M,VP Sales,Sweden,55,Toyota
431,Natty,Basnall,M,Food Chemist,China,3,Bentley
432,Bradney,Skepper,M,Staff Accountant III,China,26,Chevrolet
433,Beverie,Simonato,F,Director of Sales,China,69,Chevrolet
434,Reinwald,Petel,M,VP Accounting,China,38,Nissan
435,Timoteo,Stables,M,Health Coach IV,Brazil,11,Chevrolet
436,Carleton,Hawke,M,Accountant I,Philippines,6,Land Rover
437,Nalani,Matcham,F,General Manager,Egypt,69,Chevrolet
438,Curry,Eldred,M,Structural Analysis Engineer,China,43,Mazda
439,Vitia,Powers,F,Operator,Philippines,24,Chrysler
440,Davine,Cliss,F,Paralegal,Mongolia,23,Pontiac
441,Marshal,Brumhead,M,Budget/Accounting Analyst III,Indonesia,49,BMW
442,Leonanie,Walbrun,F,Office Assistant II,Indonesia,71,Volkswagen
443,Cherianne,Sagg,F,Staff Accountant II,Indonesia,23,Audi
444,Robinett,Windress,F,Statistician II,Thailand,22,Toyota
445,Zia,Laverock,F,Information Systems Manager,Nicaragua,59,Chevrolet
446,Reynard,Fegan,M,Graphic Designer,China,66,Volvo
447,Duke,Oki,M,Marketing Assistant,Japan,54,Lexus
448,Flinn,Janos,M,Analog Circuit Design manager,China,39,Toyota
449,Ronald,Clubb,M,Project Manager,France,39,Hummer
450,Edie,Andrusov,F,Programmer Analyst IV,Egypt,33,Dodge
451,Carver,Maffy,M,Web Designer I,Brazil,62,Toyota
452,Janean,Bown,F,Developer IV,Poland,31,Acura
453,Ardath,Ferens,F,Help Desk Technician,Indonesia,3,Nissan
454,Gordan,McArd,M,Occupational Therapist,Brazil,72,Mitsubishi
455,Cristina,Keggin,F,VP Product Management,Nigeria,24,Saab
456,Klarrisa,Tremaine,F,Help Desk Operator,Venezuela,32,Lexus
457,Geoffrey,Paliser,M,VP Quality Control,Argentina,23,Mitsubishi
458,Les,Clymer,M,Compensation Analyst,Indonesia,49,Jaguar
459,Berkly,Edworthye,M,Quality Control Specialist,Morocco,59,Subaru
460,Malissa,Gallego,F,Biostatistician III,Sweden,35,Ford
461,Sianna,Bulward,F,Research Assistant I,Poland,23,Ram
462,Jordan,Bassill,M,Operator,Poland,71,Volkswagen
463,Saundra,Rany,F,Editor,Czech Republic,2,Ford
464,Adele,Trubshaw,F,Marketing Assistant,Portugal,14,Mercedes-Benz
465,Vivia,Wheadon,F,Financial Advisor,Japan,16,Jeep
466,Elmo,Gehring,M,General Manager,Portugal,22,GMC
467,Tome,Champkin,M,Executive Secretary,Nepal,52,Ford
468,Amble,Pietrowski,M,Systems Administrator III,Indonesia,57,Mitsubishi
469,Honey,Castelletti,F,Senior Editor,Portugal,11,Infiniti
470,Berta,Jamme,F,Graphic Designer,Sweden,51,Jeep
471,Ric,Truwert,M,Biostatistician I,Indonesia,50,Lexus
472,Gustave,Fairbrace,M,Geological Engineer,Argentina,33,Volkswagen
473,Fabe,Curzey,M,Geological Engineer,Sweden,68,Lexus
474,Thaddeus,Bertouloume,M,Media Manager I,Czech Republic,14,Acura
475,Beauregard,Rebbeck,M,VP Marketing,China,55,Toyota
476,Berte,Chavrin,F,Chemical Engineer,Sweden,9,Infiniti
477,Deirdre,Cluney,F,Budget/Accounting Analyst III,China,63,Mazda
478,Staford,Ebbens,M,Paralegal,Russia,64,Ford
479,Granthem,Noriega,M,Cost Accountant,Dominican Republic,36,Volvo
480,Ebeneser,Hayford,M,Professor,United States,73,Dodge
481,Karel,Harvett,F,Structural Analysis Engineer,France,31,Volkswagen
482,Taber,Botcherby,M,VP Product Management,Philippines,75,Pontiac
483,Sherwood,Crowd,M,Sales Associate,Bangladesh,5,Kia
484,Tedd,Clutton,M,Registered Nurse,Belarus,55,Chevrolet
485,Ferdy,Smallthwaite,M,Graphic Designer,Russia,35,Nissan
486,Ikey,Cornick,M,Administrative Assistant II,Brazil,40,Chrysler
487,Adria,Knock,F,Analog Circuit Design manager,Israel,43,Hummer
488,Gayle,Roches,F,Recruiting Manager,United States,69,Toyota
489,Noach,Sloam,M,Graphic Designer,Sierra Leone,40,Pontiac
490,Georges,Cocksedge,M,Safety Technician I,Central African Republic,43,Honda
491,Ealasaid,Jealous,F,Staff Accountant III,Argentina,61,Cadillac
492,Cornelius,Heinert,M,Recruiting Manager,China,33,Mazda
493,Traci,Le Clercq,F,Chief Design Engineer,Nigeria,23,Chevrolet
494,Lucas,Heatly,M,Automation Specialist III,Indonesia,5,Chevrolet
495,Cherin,Chatto,F,Executive Secretary,Argentina,54,Mercedes-Benz
496,Flin,Tejada,M,GIS Technical Architect,Indonesia,38,Ford
497,Celina,Crowder,F,Payment Adjustment Coordinator,Colombia,20,MINI
498,Sashenka,Falck,F,Chief Design Engineer,Thailand,57,Dodge
499,Franciskus,Withams,M,Internal Auditor,Canada,10,Pontiac
500,Jammie,Towhey,F,Technical Writer,Ukraine,8,Volvo
501,Ulysses,Spall,M,Project Manager,Philippines,62,Lotus
502,Gunner,Arpe,M,Recruiting Manager,China,6,Chevrolet
503,Alfonse,Raraty,M,Physical Therapy Assistant,France,37,Chevrolet
504,Aurie,Hambright,F,Tax Accountant,Brazil,16,Isuzu
505,Madella,Wagon,F,Analog Circuit Design manager,Serbia,67,Ford
506,Courtney,Francesco,M,VP Product Management,United States,62,Mercury
507,Rolando,Gonsalvez,M,Analyst Programmer,Brazil,22,Dodge
508,Zak,McCutcheon,M,Registered Nurse,Finland,1,Buick
509,Antoine,Campbell-Dunlop,M,Assistant Media Planner,Sweden,66,Mercury
510,Kristina,Pickston,F,Research Assistant IV,Zimbabwe,12,Mazda
511,Zebulon,Lubbock,M,VP Quality Control,Argentina,52,Maserati
512,Adan,Morriarty,M,Dental Hygienist,Sweden,23,Volkswagen
513,Nevil,Luparto,M,VP Accounting,Poland,36,Plymouth
514,Aloisia,Humbles,F,Electrical Engineer,Poland,72,Cadillac
515,Millard,Odby,M,Payment Adjustment Coordinator,Indonesia,38,Isuzu
516,Seumas,Leversuch,M,Administrative Assistant II,Philippines,18,BMW
517,Kory,McNamara,M,Sales Associate,Indonesia,21,Dodge
518,Barnebas,Maty,M,Engineer II,Mexico,15,Ford
519,Cecil,Cahani,F,Teacher,China,22,Mercedes-Benz
520,Hort,Fernez,M,Research Associate,Latvia,33,Buick
521,Arnaldo,Healings,M,Civil Engineer,France,56,Mitsubishi
522,Pablo,Bowshire,M,Senior Developer,Japan,59,Mercedes-Benz
523,Allistir,Tallon,M,Paralegal,Slovakia,15,Honda
524,Reagan,Gibbens,M,Analog Circuit Design manager,Norway,62,Cadillac
525,Selestina,Ellsbury,F,Marketing Assistant,South Korea,41,Cadillac
526,Melina,Cass,F,Structural Analysis Engineer,China,40,Chevrolet
527,Corrine,Battyll,F,VP Marketing,Russia,39,Honda
528,Bryana,Aleavy,F,VP Quality Control,Italy,56,Pontiac
529,Judi,Mildner,F,Environmental Specialist,Brazil,46,Ford
530,Amalia,Ireland,F,Developer III,Colombia,9,Mazda
531,Jacquette,Bareford,F,Systems Administrator III,China,34,Nissan
532,Portie,Toretta,M,Recruiter,Afghanistan,10,Nissan
533,Etan,Biddulph,M,Structural Analysis Engineer,China,29,Buick
534,Agnesse,Duckwith,F,Associate Professor,France,72,Mercedes-Benz
535,Kimbell,Gibbin,M,GIS Technical Architect,Indonesia,8,Volkswagen
536,Cece,Abilowitz,M,Quality Engineer,Indonesia,62,Mercury
537,Amaleta,Tart,F,Budget/Accounting Analyst I,Philippines,26,Mazda
538,Elisha,Rookeby,M,Developer I,China,12,Hummer
539,Ivett,Dottrell,F,Human Resources Assistant I,Russia,7,Porsche
540,Cherida,Treneer,F,Marketing Manager,Nigeria,3,GMC
541,Dusty,Tellenbrok,F,Teacher,Moldova,59,Mazda
542,Kalvin,Stonall,M,Computer Systems Analyst II,Tunisia,27,Honda
543,Oralle,Martschke,F,Community Outreach Specialist,United Kingdom,42,Subaru
544,Legra,Causier,F,Desktop Support Technician,France,62,Ferrari
545,Brittany,Casol,F,Project Manager,Poland,3,Mitsubishi
546,Annis,Cowper,F,VP Marketing,China,56,Toyota
547,Cherey,Syddon,F,Research Associate,China,72,Ford
548,Lars,Alldridge,M,Statistician IV,Nigeria,11,Pontiac
549,Julietta,Ballaam,F,Junior Executive,Honduras,16,Chevrolet
550,Ailbert,Greatbanks,M,Analyst Programmer,China,75,Cadillac
551,Virge,Swaffer,M,Chief Design Engineer,China,41,Acura
552,Kameko,Orcas,F,Financial Advisor,China,72,Ford
553,Annice,Lancley,F,Technical Writer,Afghanistan,46,Mazda
554,Gare,Spare,M,Biostatistician I,Russia,16,Ford
555,Antonio,Legh,M,Junior Executive,Afghanistan,4,Mercury
556,Stanislaus,Lamke,M,Financial Analyst,Malaysia,53,Pontiac
557,Rolland,Beck,M,Librarian,Moldova,39,Chevrolet
558,Colby,Dobbyn,M,VP Sales,Russia,56,Cadillac
559,Kennedy,De Beauchamp,M,Software Consultant,China,11,Chevrolet
560,Opalina,Halsted,F,Executive Secretary,China,3,Volkswagen
561,Trey,Rennox,M,Programmer IV,China,48,Chevrolet
562,Joelle,Pountney,F,Product Engineer,Sweden,57,Pontiac
563,Nola,Lightwing,F,Assistant Professor,Sudan,41,Plymouth
564,Ricki,Cayette,M,Sales Associate,Indonesia,29,Eagle
565,Donalt,Pirnie,M,Health Coach IV,Norway,41,Dodge
566,Catie,De Witt,F,VP Quality Control,Indonesia,54,GMC
567,Esra,Rowbottam,M,Sales Representative,Portugal,60,Isuzu
568,Leigh,Borlease,F,Social Worker,Madagascar,56,BMW
569,Roby,Broome,F,Pharmacist,Mexico,46,Chevrolet
570,Gregor,Molines,M,Information Systems Manager,France,12,Mercury
571,Kirby,Birrell,F,Graphic Designer,United States,32,Bentley
572,Emelia,Infante,F,Sales Associate,Philippines,61,Toyota
573,Othelia,Jaqueme,F,Quality Engineer,Indonesia,54,Mercedes-Benz
574,Evita,Nickerson,F,Legal Assistant,Peru,51,Volvo
575,Demeter,Cuttelar,F,Cost Accountant,Democratic Republic of the Congo,71,Chevrolet
576,Laraine,Aldhous,F,Desktop Support Technician,Czech Republic,26,Dodge
577,Ofilia,Harmstone,F,Nuclear Power Engineer,Argentina,30,Chevrolet
578,Iggy,Cunradi,M,Senior Developer,Canada,52,Mercedes-Benz
579,Edan,Weale,M,Clinical Specialist,United States,26,Mazda
580,Correy,Rippingall,M,Civil Engineer,Russia,67,Pontiac
581,Lou,Cicci,F,Recruiter,China,44,Toyota
582,Helga,Hessing,F,Paralegal,Dominican Republic,8,GMC
583,Isa,Rainsdon,M,Software Engineer I,Indonesia,16,Mercury
584,Isac,Swaysland,M,Financial Advisor,Norway,75,Kia
585,Wit,Langshaw,M,Marketing Manager,China,35,Volvo
586,Loree,Dursley,F,Chemical Engineer,China,44,Saab
587,Bone,Kidstoun,M,Pharmacist,Indonesia,4,Oldsmobile
588,Lilia,Castagne,F,VP Quality Control,China,75,CitroÃ«n
589,Vanya,Pavlenko,M,Data Coordiator,China,52,Ford
590,Modestia,Bonn,F,Staff Accountant I,France,37,Oldsmobile
591,Quincy,Scobbie,M,Recruiter,Japan,23,Nissan
592,Casi,Bruhke,F,Safety Technician IV,South Korea,15,Mercedes-Benz
593,Estrella,Betho,F,Geologist II,Indonesia,11,Mercedes-Benz
594,Roselia,Reddie,F,Nurse,Chile,53,Mercedes-Benz
595,Shir,De Carlo,F,Quality Control Specialist,Brazil,5,BMW
596,Adolphus,Hitter,M,Civil Engineer,China,45,Chevrolet
597,Georgette,Stirtle,F,Account Coordinator,Lithuania,29,GMC
598,Shanon,Musso,F,Programmer II,Philippines,58,Toyota
599,Tedi,Coolson,F,VP Marketing,Cuba,27,Mercedes-Benz
600,Heinrick,Mole,M,Sales Representative,China,75,Hyundai
601,Daveen,Doret,F,Speech Pathologist,United States,19,Mercedes-Benz
602,Bruno,Clayill,M,Registered Nurse,Zimbabwe,45,Pontiac
603,Astrix,Kerkham,F,Computer Systems Analyst III,Kazakhstan,72,Toyota
604,Tomasina,Eles,F,Nurse Practicioner,Indonesia,12,Maserati
605,Marguerite,Whibley,F,Professor,Canada,56,Scion
606,Mikaela,Browning,F,Research Nurse,Portugal,4,Mazda
607,Starlene,Craister,F,Project Manager,China,8,Ford
608,Alastair,Shade,M,Sales Associate,Philippines,56,Buick
609,Teddi,Lymer,F,Junior Executive,Brazil,33,Pontiac
610,Sebastian,Englefield,M,Environmental Specialist,Argentina,60,Nissan
